ID_PARCEL,SURF_PARC,CODE_CULTU,CODE_GROUP,geometry
223625,4.66,LUZ,16,"POLYGON ((
636420.326000005 6221085.963000003, 636431.438000001 6221072.734000001,
636437.2590000033 6221067.971000001, 636434.612999998 6221056.859000001,
636430.512000002 6221041.281000003, 636435.0100000054 6221033.145000003,
636440.8310000002 6221026.795000002, 636445.3830000013 6221023.23, 
636457.8969999999 6221012.938000001, 636471.6550000012 6221003.942000002,
636483.826000005 6221000.767000001, 636476.4180000052 6220994.417000003,
636465.3049999997 6220989.125, 636450.487999998 6220982.775000002, 
636406.5670000017 6220965.842, 636375.3470000029 6220953.671, 
636343.5960000008 6220942.558000002, 636280.0960000008 6220920.333000001,
636246.7590000033 6220908.1630000025, 636220.3000000045 6220897.579, 
636184.8460000008 6220884.3500000015, 636173.2040000036 6220879.058000002,
636158.388000004 6220873.767000001, 636143.5710000023 6220871.650000002,
636129.813000001 6220870.592, 636121.3460000008 6220871.121000003, 
636114.4670000002 6220873.237, 636103.3540000021 6220878.529000003, 
636091.5190000013 6220888.632000003, 636077.9540000036 6220924.0380000025,
636067.8999999985 6220964.254000001, 636065.7829999998 6220975.367000002,
636070.5460000038 6220978.013, 636098.063000001 6220988.067000002, 
636144.6290000007 6221006.059, 636204.9549999982 6221029.342, 
636270.0420000032 6221054.213000003, 636308.1420000046 6221069.030000001,
636324.0170000046 6221074.321000002, 636333.939000003 6221067.012000002,
636342.4060000032 6221062.779000003, 636352.9010000005 6221063.610000003,
636373.6700000018 6221066.001000002, 636392.5069999993 6221074.084000003,
636420.326000005 6221085.963000003))"
"
There is a cropland identified by the number: 223625, 
that have a total surface of 4,66 hectares. 
The culture cultivated is « LUZ » which corresponds to ""Autre Luzerne"".
The culture belongs to the class 16 that corresponds to ""Fourrage"". 
The cropland is a polygon that has 45 vertex, whose coordinates can be found in the geometry column. 
As an example, the coordinates of one vertex have been coloured in red. 
CODE_CULTU and CODE_GROUP references can be found in the crops classification. Please, find below an extract of it.",,,,
,,,,
,,,,
,,,,
,,,,
,,,,
,,,,
,,,,
,,,,
,,,,
,,,,
,,,,
,,,,
,,,,
,,,,
,,,,
,,,,
,,,,
,,,,
,,,,
,,,,
,,,,
,,,,
,,,,
,,,,
,,,,
,,,,
,,"
",,
